StudentID,Email,FirstName,LastName,MiddleInitial,PursuingMajorName
1,jobradden0@gcc.edu,Hildagarde,O'Bradden,Jefferson,Undeclared
2,mposvner1@gcc.edu,Anstice,Posvner,Mandie,Undeclared
3,cdubarry2@gcc.edu,Cassaundra,Du Barry,Chrotoem,Undeclared
4,msmidmore3@gcc.edu,Martguerita,Smidmore,Minette,Computer Science(BA)
5,adrinkhall4@gcc.edu,Allie,Drinkhall,Alford,Undeclared
6,tmacilhargy5@gcc.edu,Klarrisa,MacIlhargy,Tallia,Undeclared
7,jdigwood6@gcc.edu,Anneliese,Digwood,Jojo,Undeclared
8,ubythway7@gcc.edu,Laurice,Bythway,Upton,Undeclared
9,fpletts8@gcc.edu,Bunny,Pletts,Frederic,Undeclared
