StudentID,Email,FirstName,LastName,MiddleInitial,PursuingMajorID
1,ncockerell0@comsenz.com,Nicola,Cockerell,"",1
2,zdavidwitz1@devhub.com,Zorina,Davidwitz,"",2
3,pbann2@ucoz.ru,Parsifal,Bann,"",3
4,hcranstoun3@dion.ne.jp,Hollis,Cranstoun,"",4
5,ejouanny4@lycos.com,Everard,Jouanny,"",5
6,eebrall5@addthis.com,Elvin,Ebrall,"",6
7,mcryer6@privacy.gov.au,Marillin,Cryer,"",7
8,tvautrey7@hao123.com,Troy,Vautrey,"",8
9,zgrewer8@ucoz.ru,Zed,Grewer,"",9
10,males9@gov.uk,Margarete,Ales,"",10
11,ewemma@goo.gl,Eachelle,Wemm,"",11
12,rmacalisterb@vkontakte.ru,Ruthe,MacAlister,"",12
13,rstrongitharmc@latimes.com,Rae,Strongitharm,"",13
14,smolandd@github.io,Stepha,Moland,"",14
15,tgabottie@accuweather.com,Thorstein,Gabotti,"",15
16,pickovitsf@vk.com,Philip,Ickovits,"",16
17,bsanperg@booking.com,Bruce,Sanper,"",17
18,gcartmellh@blinklist.com,Goldie,Cartmell,"",18
19,zphilippeauxi@imageshack.us,Zita,Philippeaux,"",19
20,mdasentj@plala.or.jp,Mordy,Dasent,"",20
21,kpaternosterk@friendfeed.com,Katherina,Paternoster,"",21
22,fberthouloumel@goo.gl,Florri,Berthouloume,"",22
23,bjohnstonm@wikia.com,Brynna,Johnston,"",23
24,avittorin@g.co,Anatola,Vittori,"",24
25,chengoedo@furl.net,Cherianne,Hengoed,"",25
26,mlongfootp@google.ca,Melvin,Longfoot,"",26
27,idodq@walmart.com,Isidor,Dod,"",27
28,dmcgillr@usgs.gov,Dani,McGill,"",28
29,eholywells@nature.com,Elianora,Holywell,"",29
30,ddenisardt@home.pl,Dolli,Denisard,"",30
31,groubyu@macromedia.com,Guglielmo,Rouby,"",31
32,edamsellv@indiegogo.com,Elvina,Damsell,"",32
33,awrattenw@bloomberg.com,Arnuad,Wratten,"",33
34,jbudgeyx@livejournal.com,Jobie,Budgey,"",34
35,wseawrighty@canalblog.com,Wally,Seawright,"",35
36,bvarrowz@loc.gov,Brigg,Varrow,"",36
37,kstripp10@msn.com,Kipp,Stripp,"",37
38,oreeken11@paypal.com,Ofelia,Reeken,"",38
39,jsibary12@eventbrite.com,Jordan,Sibary,"",39
40,lquilliam13@twitpic.com,Liam,Quilliam,"",40
41,qmcguire14@ameblo.jp,Quill,McGuire,"",41
42,hdessaur15@xinhuanet.com,Hunter,Dessaur,"",42
43,bcantera16@abc.net.au,Breena,Cantera,"",43
44,bheathcote17@domainmarket.com,Bibbye,Heathcote,"",44
45,dpapes18@nsw.gov.au,Donny,Papes,"",45
46,wderoche19@usgs.gov,Webster,Deroche,"",46
47,mbalham1a@hao123.com,Merwyn,Balham,"",47
48,jconibear1b@skype.com,Jacob,Conibear,"",48
49,wbiagini1c@arizona.edu,Walker,Biagini,"",49
50,wflooks1d@nyu.edu,Willis,Flooks,"",50
51,khedworth1e@wikimedia.org,Keene,Hedworth,"",51
52,dtowey1f@t.co,Dimitry,Towey,"",52
53,esnassell1g@cargocollective.com,Elyn,Snassell,"",53
54,cborles1h@arstechnica.com,Cathi,Borles,"",54
55,eteresi1i@chron.com,Eleonora,Teresi,"",55
56,bkenworthey1j@apache.org,Belva,Kenworthey,"",56
57,sleband1k@irs.gov,Shel,Leband,"",57
58,amcettrick1l@go.com,Alfonse,Mcettrick,"",58
59,pfallows1m@reference.com,Polly,Fallows,"",59
60,bvaskin1n@utexas.edu,Bennett,Vaskin,"",60
61,rgrelak1o@soup.io,Reeva,Grelak,"",61
62,zknewstubb1p@baidu.com,Zorah,Knewstubb,"",62
63,lyarnley1q@ft.com,Laney,Yarnley,"",63
64,rmartinello1r@oracle.com,Rasla,Martinello,"",64
65,lhayland1s@indiegogo.com,Layney,Hayland,"",65
66,lberard1t@soundcloud.com,Lucio,Berard,"",66
67,mattoe1u@privacy.gov.au,Mariejeanne,Attoe,"",67
68,ibiaggioni1v@msu.edu,Isidore,Biaggioni,"",68
69,zhamnett1w@xing.com,Zelig,Hamnett,"",69
70,rspada1x@ted.com,Reinold,Spada,"",70
71,vscarlet1y@cbslocal.com,Valeria,Scarlet,"",71
72,abeldum1z@cbslocal.com,Alicia,Beldum,"",72
73,kmitham20@last.fm,Kendra,Mitham,"",73
74,vmcgiveen21@mozilla.com,Velvet,McGiveen,"",74
75,kdenes22@berkeley.edu,Kellina,Denes,"",75
76,draithmill23@surveymonkey.com,Denise,Raithmill,"",76
77,ttanman24@google.es,Tucker,Tanman,"",77
78,btommeo25@illinois.edu,Benedikta,Tommeo,"",78
79,ejurzyk26@fda.gov,Eveleen,Jurzyk,"",79
80,mvazquez27@wp.com,Merv,Vazquez,"",80
81,osaur28@desdev.cn,Orly,Saur,"",81
82,mhansard29@networksolutions.com,Margit,Hansard,"",82
83,gmaingot2a@springer.com,Gisella,Maingot,"",83
84,rhannay2b@creativecommons.org,Reid,Hannay,"",84
85,sabrehart2c@webs.com,Susanna,Abrehart,"",85
86,vphilp2d@flavors.me,Vanya,Philp,"",86
87,lbanford2e@sakura.ne.jp,Lucille,Banford,"",87
88,wlammerts2f@dropbox.com,Winny,Lammerts,"",88
89,hayshford2g@hexun.com,Hatty,Ayshford,"",89
90,nellice2h@qq.com,Noami,Ellice,"",90
91,hdominiak2i@hhs.gov,Husein,Dominiak,"",91
92,acully2j@yandex.ru,Ania,Cully,"",92
93,gkeppel2k@chicagotribune.com,Gladi,Keppel,"",93
94,tducker2l@friendfeed.com,Thayne,Ducker,"",94
95,ajosh2m@angelfire.com,Abbey,Josh,"",95
96,nlarmouth2n@china.com.cn,Nina,Larmouth,"",96
97,twilber2o@merriam-webster.com,Toiboid,Wilber,"",97
98,cdibbe2p@bravesites.com,Codi,Dibbe,"",98
99,kpizzie2q@mediafire.com,Katheryn,Pizzie,"",99
100,cmcmanus2r@merriam-webster.com,Corbin,McManus,"",100
101,nclappson2s@bbb.org,Normy,Clappson,"",101
102,lstart2t@springer.com,Lynde,Start,"",102
103,glante2u@booking.com,Gordan,Lante,"",103
104,rogles2v@clickbank.net,Russell,Ogles,"",104
105,agoundsy2w@sfgate.com,Aila,Goundsy,"",105
106,mnelligan2x@stanford.edu,Mercie,Nelligan,"",106
107,tivushkin2y@dell.com,Tara,Ivushkin,"",107
108,rfarlamb2z@java.com,Rick,Farlamb,"",108
109,strye30@moonfruit.com,Sammy,Trye,"",109
110,krouby31@globo.com,Konstantin,Rouby,"",110
111,fshambrooke32@youtube.com,Freddi,Shambrooke,"",111
112,tsurby33@shop-pro.jp,Theo,Surby,"",112
113,lshepherdson34@jugem.jp,Lauralee,Shepherdson,"",113
114,tkubecka35@psu.edu,Thorin,Kubecka,"",114
115,cfinnimore36@mayoclinic.com,Coleen,Finnimore,"",115
116,istallon37@umn.edu,Iorgo,Stallon,"",116
117,cohingerty38@soundcloud.com,Chandra,O'Hingerty,"",117
118,idilrew39@friendfeed.com,Ira,Dilrew,"",118
119,watwell3a@cloudflare.com,Wilfrid,Atwell,"",119
120,dnewlyn3b@wordpress.com,Davy,Newlyn,"",120
121,ofonso3c@kickstarter.com,Orland,Fonso,"",121
122,oblissett3d@chron.com,Olivia,Blissett,"",122
123,ekubacek3e@ezinearticles.com,Ewan,Kubacek,"",123
124,lbenton3f@alexa.com,Lucretia,Benton,"",124
125,mkonerding3g@ocn.ne.jp,Minnaminnie,Konerding,"",125
126,cbutterley3h@fastcompany.com,Constancy,Butterley,"",126
127,wwigan3i@prnewswire.com,Wakefield,Wigan,"",127
128,sboffin3j@reddit.com,Suzanne,Boffin,"",128
129,dflorio3k@phpbb.com,Daryn,Florio,"",129
130,rpetschel3l@techcrunch.com,Ranice,Petschel,"",130
131,fmetzel3m@discuz.net,Farlee,Metzel,"",131
132,smusprat3n@baidu.com,Sue,Musprat,"",132
133,lsisey3o@sbwire.com,Laurene,Sisey,"",133
134,bbeasant3p@springer.com,Brent,Beasant,"",134
135,wmullin3q@nytimes.com,Wandis,Mullin,"",135
136,sjerrams3r@cmu.edu,Sharity,Jerrams,"",136
137,pfilchakov3s@51.la,Piggy,Filchakov,"",137
138,bcomrie3t@mit.edu,Bayard,Comrie,"",138
139,phawkin3u@yolasite.com,Patrice,Hawkin,"",139
140,gnemchinov3v@state.gov,Gusti,Nemchinov,"",140
141,aradbond3w@illinois.edu,Adore,Radbond,"",141
142,hdodds3x@geocities.com,Helenka,Dodds,"",142
143,fauthers3y@over-blog.com,Fredelia,Authers,"",143
144,gblethin3z@elegantthemes.com,Garth,Blethin,"",144
145,scoveny40@so-net.ne.jp,Steven,Coveny,"",145
146,nmcilwraith41@examiner.com,Nerissa,McIlwraith,"",146
147,rskerratt42@sciencedaily.com,Ricky,Skerratt,"",147
148,apargetter43@amazonaws.com,Amii,Pargetter,"",148
149,aennew44@nature.com,Angie,Ennew,"",149
150,elampel45@paypal.com,Elvyn,Lampel,"",150
151,wrime46@usgs.gov,Willie,Rime,"",151
152,divermee47@microsoft.com,Delcina,Ivermee,"",152
153,bdugood48@imgur.com,Brewster,Dugood,"",153
154,joles49@springer.com,Jaquenetta,Oles,"",154
155,aharber4a@instagram.com,Augustin,Harber,"",155
156,alibbe4b@tiny.cc,Allie,Libbe,"",156
157,ceunson4c@unicef.org,Cristi,Eunson,"",157
158,bkernell4d@boston.com,Bridie,Kernell,"",158
159,dtacey4e@shop-pro.jp,Deva,Tacey,"",159
160,bdunridge4f@nyu.edu,Berna,Dunridge,"",160
161,dhenworth4g@diigo.com,Dian,Henworth,"",161
162,oduffy4h@eventbrite.com,Obadias,Duffy,"",162
163,ebridel4i@cafepress.com,Elaine,Bridel,"",163
164,mmcterrelly4j@163.com,Michail,McTerrelly,"",164
165,jtorricella4k@oaic.gov.au,Jarret,Torricella,"",165
166,rbarron4l@plala.or.jp,Russell,Barron,"",166
167,ccatt4m@arizona.edu,Cole,Catt,"",167
168,ctroy4n@ucoz.com,Cornelius,Troy,"",168
169,tantczak4o@yandex.ru,Timmie,Antczak,"",169
170,bdanielsson4p@desdev.cn,Bartlett,Danielsson,"",170
171,clesurf4q@cargocollective.com,Clare,Le Surf,"",171
172,adequincey4r@tuttocitta.it,Appolonia,de Quincey,"",172
173,hrosenwasser4s@newyorker.com,Harold,Rosenwasser,"",173
174,mduncklee4t@about.com,Maryjane,Duncklee,"",174
175,mboseley4u@booking.com,Myrvyn,Boseley,"",175
176,mledward4v@mit.edu,Merilee,Ledward,"",176
177,dmattussevich4w@google.com.au,Danika,Mattussevich,"",177
178,mrenfree4x@army.mil,Milzie,Renfree,"",178
179,ysarjent4y@wufoo.com,Yevette,Sarjent,"",179
180,lautie4z@sourceforge.net,Ludovico,Autie,"",180
181,jgrahame50@google.es,Janean,Grahame,"",181
182,hhyslop51@hao123.com,Horatia,Hyslop,"",182
183,dzellick52@abc.net.au,Dredi,Zellick,"",183
184,mkiddell53@bloomberg.com,Maudie,Kiddell,"",184
185,yfreddi54@cnet.com,Yasmeen,Freddi,"",185
186,spurkis55@cnet.com,Sayres,Purkis,"",186
187,cwhitewood56@samsung.com,Clementine,Whitewood,"",187
188,srourke57@ebay.com,Shalne,Rourke,"",188
189,zphiller58@constantcontact.com,Zeb,Philler,"",189
190,jbeauchop59@toplist.cz,Jarib,Beauchop,"",190
191,vstrase5a@boston.com,Vinny,Strase,"",191
192,jgier5b@hibu.com,Johnny,Gier,"",192
193,dshearn5c@youtube.com,Dorie,Shearn,"",193
194,mtaillard5d@senate.gov,Murvyn,Taillard,"",194
195,tcotterill5e@istockphoto.com,Taddeo,Cotterill,"",195
196,ntrimby5f@seesaa.net,Neall,Trimby,"",196
197,dmcgahern5g@woothemes.com,Dulsea,McGahern,"",197
198,aeastwood5h@themeforest.net,Alfy,Eastwood,"",198
199,tfevers5i@liveinternet.ru,Torry,Fevers,"",199
200,dfinan5j@parallels.com,Dianemarie,Finan,"",200
201,hcoats5k@simplemachines.org,Hobart,Coats,"",201
202,pfeasey5l@thetimes.co.uk,Penrod,Feasey,"",202
203,frosnau5m@nih.gov,Fair,Rosnau,"",203
204,iswindle5n@csmonitor.com,Ivie,Swindle,"",204
205,aquickfall5o@amazon.co.jp,Albertina,Quickfall,"",205
206,seaves5p@blogspot.com,Sterne,Eaves,"",206
207,wburgise5q@bloglovin.com,Winfield,Burgise,"",207
208,jsalerg5r@upenn.edu,Jerad,Salerg,"",208
209,mvenes5s@acquirethisname.com,Minni,Venes,"",209
210,ksimonett5t@cbslocal.com,Konstantin,Simonett,"",210
211,teringey5u@mail.ru,Tonya,Eringey,"",211
212,gsmitheman5v@prweb.com,Gerrie,Smitheman,"",212
213,sfattorini5w@walmart.com,Sandro,Fattorini,"",213
214,krenard5x@gmpg.org,Kirk,Renard,"",214
215,ooutibridge5y@xrea.com,Orv,Outibridge,"",215
216,acressey5z@gnu.org,Antonietta,Cressey,"",216
217,cfullylove60@irs.gov,Catherin,Fullylove,"",217
218,rgotmann61@mashable.com,Rosalia,Gotmann,"",218
219,jwherton62@dailymotion.com,Joletta,Wherton,"",219
220,rpenni63@wikispaces.com,Rodi,Penni,"",220
221,ggai64@youtube.com,Giffy,Gai,"",221
222,mjacobsohn65@github.com,Margarete,Jacobsohn,"",222
223,rcampion66@eepurl.com,Rona,Campion,"",223
224,rgainsburgh67@redcross.org,Raffarty,Gainsburgh,"",224
225,agoulding68@lycos.com,Aarika,Goulding,"",225
226,hdesousa69@gravatar.com,Haskell,DeSousa,"",226
227,abrickner6a@cnbc.com,Arley,Brickner,"",227
228,lgaffney6b@uol.com.br,Leo,Gaffney,"",228
229,klemmen6c@uol.com.br,Krystyna,Lemmen,"",229
230,khoffner6d@merriam-webster.com,Kris,Hoffner,"",230
231,eanning6e@1688.com,Elvin,Anning,"",231
232,fnuttall6f@wikipedia.org,Flori,Nuttall,"",232
233,hschoenrock6g@free.fr,Harold,Schoenrock,"",233
234,llefley6h@google.com.au,Levin,Lefley,"",234
235,jpethrick6i@godaddy.com,Jerri,Pethrick,"",235
236,awheelan6j@wiley.com,Antoinette,Wheelan,"",236
237,lyandell6k@flickr.com,Lilith,Yandell,"",237
238,agullen6l@spiegel.de,Augustus,Gullen,"",238
239,sbilham6m@bbb.org,Stacie,Bilham,"",239
240,lcrispin6n@so-net.ne.jp,Lilian,Crispin,"",240
241,jgreves6o@scribd.com,Jamesy,Greves,"",241
242,anoell6p@google.com,Anneliese,Noell,"",242
243,ckenworthy6q@com.com,Cornie,Kenworthy,"",243
244,mgratrix6r@tripod.com,Marcella,Gratrix,"",244
245,jtruelock6s@vkontakte.ru,Jodie,Truelock,"",245
246,pbeelby6t@cam.ac.uk,Perla,Beelby,"",246
247,asetchell6u@loc.gov,Alexina,Setchell,"",247
248,adelagnes6v@gnu.org,Adelaida,Delagnes,"",248
249,rpfaff6w@example.com,Rosa,Pfaff,"",249
250,klambe6x@cafepress.com,Kiah,Lambe,"",250
251,bsalatino6y@upenn.edu,Buiron,Salatino,"",251
252,hspellward6z@sohu.com,Hugo,Spellward,"",252
253,lsteddall70@ucoz.ru,Lynnelle,Steddall,"",253
254,lhelstrom71@dot.gov,Lorens,Helstrom,"",254
255,pdello72@yolasite.com,Paolo,Dello,"",255
256,esigg73@cnbc.com,Eolande,Sigg,"",256
257,fbackshaw74@alibaba.com,Frasco,Backshaw,"",257
258,bfeldstein75@freewebs.com,Britte,Feldstein,"",258
259,bsivills76@mlb.com,Berkie,Sivills,"",259
260,wspellard77@tamu.edu,Whitaker,Spellard,"",260
261,ncaller78@51.la,Nicolai,Caller,"",261
262,ccammish79@posterous.com,Cari,Cammish,"",262
263,solek7a@baidu.com,Stefania,Olek,"",263
264,mmcgarrie7b@ucla.edu,Murdock,McGarrie,"",264
265,dsiviour7c@china.com.cn,Donalt,Siviour,"",265
266,mclement7d@alibaba.com,Martita,Clement,"",266
267,psize7e@github.io,Pooh,Size,"",267
268,tforseith7f@artisteer.com,Tommie,Forseith,"",268
269,jspink7g@google.ca,Jenny,Spink,"",269
270,btomankowski7h@illinois.edu,Barnard,Tomankowski,"",270
271,fbrian7i@bloomberg.com,Flem,Brian,"",271
272,tbickford7j@google.es,Terrell,Bickford,"",272
273,nrichin7k@upenn.edu,Nester,Richin,"",273
274,twhye7l@state.gov,Tiffani,Whye,"",274
275,rminors7m@wordpress.com,Randi,Minors,"",275
276,tstanway7n@miitbeian.gov.cn,Tammie,Stanway,"",276
277,jbadrick7o@reuters.com,Janean,Badrick,"",277
278,igrunder7p@mit.edu,Ida,Grunder,"",278
279,jhawkswood7q@about.me,Jannelle,Hawkswood,"",279
280,bmillthorpe7r@va.gov,Benita,Millthorpe,"",280
281,rverzey7s@phpbb.com,Ragnar,Verzey,"",281
282,slatliff7t@dyndns.org,Shem,Latliff,"",282
283,ejeavons7u@gov.uk,Elden,Jeavons,"",283
284,mhinkes7v@ihg.com,Mella,Hinkes,"",284
285,srhodus7w@ycombinator.com,Salvatore,Rhodus,"",285
286,tmitrikhin7x@studiopress.com,Talyah,Mitrikhin,"",286
287,dlarcier7y@pagesperso-orange.fr,Daphna,Larcier,"",287
288,dpickrill7z@auda.org.au,Donella,Pickrill,"",288
289,gchelsom80@amazonaws.com,Glenine,Chelsom,"",289
290,sbutterly81@multiply.com,Sayres,Butterly,"",290
291,kcarcas82@pen.io,Kaitlyn,Carcas,"",291
292,abridgland83@woothemes.com,Aprilette,Bridgland,"",292
293,acoy84@wikia.com,Andromache,Coy,"",293
294,ehentzeler85@zdnet.com,Egon,Hentzeler,"",294
295,rdroogan86@amazon.co.jp,Raffarty,Droogan,"",295
296,nwearn87@walmart.com,Neel,Wearn,"",296
297,ebruckent88@acquirethisname.com,Eugine,Bruckent,"",297
298,jbartozzi89@nsw.gov.au,Jamima,Bartozzi,"",298
299,schartres8a@amazon.co.jp,Shina,Chartres,"",299
300,hhaken8b@tumblr.com,Hanny,Haken,"",300
301,atowe8c@ocn.ne.jp,Audie,Towe,"",301
302,vbridson8d@china.com.cn,Valene,Bridson,"",302
303,nglasebrook8e@goo.gl,Nadean,Glasebrook,"",303
304,ubottelstone8f@cbslocal.com,Ulrike,Bottelstone,"",304
305,eison8g@businessinsider.com,Earle,Ison,"",305
306,tferrie8h@redcross.org,Tan,Ferrie,"",306
307,lrabier8i@bluehost.com,Laryssa,Rabier,"",307
308,kdilleston8j@newsvine.com,Karissa,Dilleston,"",308
309,odraysey8k@timesonline.co.uk,Odey,Draysey,"",309
310,rshimwall8l@va.gov,Rene,Shimwall,"",310
311,aczajkowska8m@nasa.gov,Aprilette,Czajkowska,"",311
312,rwestphal8n@gmpg.org,Rees,Westphal,"",312
313,vlicquorish8o@sogou.com,Vincent,Licquorish,"",313
314,fshears8p@msn.com,Felicity,Shears,"",314
315,pgreiser8q@reverbnation.com,Phyllys,Greiser,"",315
316,candriulis8r@fema.gov,Charline,Andriulis,"",316
317,ebrixey8s@g.co,Eveleen,Brixey,"",317
318,mkirsch8t@biblegateway.com,Maure,Kirsch,"",318
319,ajuly8u@ycombinator.com,Aubine,July,"",319
320,rcomar8v@friendfeed.com,Rosemarie,Comar,"",320
321,twhye8w@trellian.com,Tiena,Whye,"",321
322,pjanisson8x@google.fr,Paulette,Janisson,"",322
323,pbebbell8y@devhub.com,Pierson,Bebbell,"",323
324,bbrabender8z@china.com.cn,Bogey,Brabender,"",324
325,ctulloch90@yale.edu,Carlye,Tulloch,"",325
326,rgolsby91@japanpost.jp,Rochell,Golsby,"",326
327,dquenby92@scientificamerican.com,Dora,Quenby,"",327
328,jquick93@wix.com,Juanita,Quick,"",328
329,gmcisaac94@google.es,Granville,McIsaac,"",329
330,dgillow95@blinklist.com,Durante,Gillow,"",330
331,aginnell96@miitbeian.gov.cn,Allina,Ginnell,"",331
332,wdarrigrand97@msu.edu,Wain,Darrigrand,"",332
333,cpittham98@apache.org,Claybourne,Pittham,"",333
334,kdoucette99@google.co.jp,Kimball,Doucette,"",334
335,vdusting9a@myspace.com,Violet,Dusting,"",335
336,mtrenbey9b@example.com,Monah,Trenbey,"",336
337,mhollows9c@qq.com,Marisa,Hollows,"",337
338,nnemchinov9d@csmonitor.com,Niel,Nemchinov,"",338
339,dcapelen9e@shareasale.com,D'arcy,Capelen,"",339
340,ldofty9f@timesonline.co.uk,Laryssa,Dofty,"",340
341,amunton9g@ftc.gov,Arman,Munton,"",341
342,cliptrot9h@cornell.edu,Courtney,Liptrot,"",342
343,polek9i@tumblr.com,Penrod,Olek,"",343
344,mhaynes9j@gizmodo.com,Mitzi,Haynes,"",344
345,sibel9k@adobe.com,Sapphire,Ibel,"",345
346,rcorish9l@chronoengine.com,Randy,Corish,"",346
347,cgyurkovics9m@wiley.com,Coop,Gyurkovics,"",347
348,fflawn9n@ft.com,Flynn,Flawn,"",348
349,aivashkov9o@google.com.au,Aeriela,Ivashkov,"",349
350,poswald9p@ucla.edu,Port,Oswald,"",350
351,gcovey9q@dmoz.org,George,Covey,"",351
352,apurple9r@google.nl,Amby,Purple,"",352
353,adionisi9s@zdnet.com,Anthony,Dionisi,"",353
354,mbamblett9t@uol.com.br,Madelaine,Bamblett,"",354
355,pjarman9u@ucla.edu,Petronille,Jarman,"",355
356,cspeakman9v@rediff.com,Caddric,Speakman,"",356
357,gsebring9w@people.com.cn,Graig,Sebring,"",357
358,nrawlin9x@stanford.edu,Nancie,Rawlin,"",358
359,kdaffey9y@shutterfly.com,Kathe,Daffey,"",359
360,cbirtle9z@pen.io,Claudell,Birtle,"",360
361,jgilleya0@ftc.gov,Jasmine,Gilley,"",361
362,gleavolda1@google.nl,Ginevra,Leavold,"",362
363,blearya2@wsj.com,Brianna,Leary,"",363
364,ipaina3@ed.gov,Ingeberg,Pain,"",364
365,nhadrilla4@answers.com,Nomi,Hadrill,"",365
366,mcarlyona5@ow.ly,Myrwyn,Carlyon,"",366
367,cflindalla6@eventbrite.com,Carlee,Flindall,"",367
368,djosipovitza7@ox.ac.uk,Dalli,Josipovitz,"",368
369,levisona8@sciencedirect.com,Loria,Evison,"",369
370,tmacandreisa9@amazon.com,Tanny,MacAndreis,"",370
371,hcapaldoaa@irs.gov,Hedwig,Capaldo,"",371
372,kkarolyiab@moonfruit.com,Karlee,Karolyi,"",372
373,cosullivanac@artisteer.com,Christal,O'Sullivan,"",373
374,mbleuead@dailymail.co.uk,Mickie,Bleue,"",374
375,sbrethertonae@usa.gov,Sutherland,Bretherton,"",375
376,jkennedyaf@google.com.br,Josiah,Kennedy,"",376
377,dgiffinag@dell.com,Den,Giffin,"",377
378,wstubbinsah@pagesperso-orange.fr,Wallis,Stubbins,"",378
379,cfarnfieldai@163.com,Chaunce,Farnfield,"",379
380,lgrestyeaj@xinhuanet.com,Lenna,Grestye,"",380
381,jpenchenak@dell.com,Jaimie,Penchen,"",381
382,sabendrothal@oracle.com,Shel,Abendroth,"",382
383,vschruuram@scribd.com,Victor,Schruur,"",383
384,srussellan@newsvine.com,Sallyanne,Russell,"",384
385,areichertao@nasa.gov,Arden,Reichert,"",385
386,dsoppethap@odnoklassniki.ru,Deerdre,Soppeth,"",386
387,ateersaq@wix.com,Aksel,Teers,"",387
388,daseear@npr.org,Dalt,Asee,"",388
389,gpretleyas@feedburner.com,Gillian,Pretley,"",389
390,lwilmingtonat@moonfruit.com,Lucian,Wilmington,"",390
391,jtrunchionau@uol.com.br,Jecho,Trunchion,"",391
392,jcrockfordav@symantec.com,Jerri,Crockford,"",392
393,bgaitskillaw@buzzfeed.com,Baxie,Gaitskill,"",393
394,lfaulkesax@dell.com,Lennie,Faulkes,"",394
395,dblayneyay@amazon.de,Datha,Blayney,"",395
396,fardyaz@whitehouse.gov,Florella,Ardy,"",396
397,ajaquetb0@uol.com.br,Allina,Jaquet,"",397
398,hmackiewiczb1@gizmodo.com,Herrick,Mackiewicz,"",398
399,bpoynzerb2@furl.net,Brien,Poynzer,"",399
400,clansdownb3@wp.com,Catha,Lansdown,"",400
401,rwaterstoneb4@unesco.org,Rayshell,Waterstone,"",401
402,hlademannb5@google.nl,Homer,Lademann,"",402
403,knannininib6@sfgate.com,Katha,Nanninini,"",403
404,sbrannob7@amazon.de,Simone,Branno,"",404
405,mbroadbereb8@slideshare.net,Maison,Broadbere,"",405
406,mraulstonb9@tinyurl.com,Maryl,Raulston,"",406
407,tdheninba@answers.com,Tymothy,Dhenin,"",407
408,mleathlaybb@spotify.com,Mommy,Leathlay,"",408
409,ascougalbc@icio.us,Ade,Scougal,"",409
410,gpardalbd@washingtonpost.com,Giffy,Pardal,"",410
411,besparzabe@opera.com,Boone,Esparza,"",411
412,gharviebf@dailymail.co.uk,Goldie,Harvie,"",412
413,trhysbg@engadget.com,Tanhya,Rhys,"",413
414,fhorrellbh@house.gov,Forbes,Horrell,"",414
415,jbartoccibi@ning.com,Jade,Bartocci,"",415
416,istubbingtonbj@chronoengine.com,Isidor,Stubbington,"",416
417,acanadinebk@nps.gov,Adah,Canadine,"",417
418,tghelardibl@chron.com,Trace,Ghelardi,"",418
419,hindebm@bluehost.com,Hyacinth,Inde,"",419
420,acurrorbn@telegraph.co.uk,Antonia,Curror,"",420
421,rdonetbo@comsenz.com,Robinet,Donet,"",421
422,awivellbp@pinterest.com,Avrit,Wivell,"",422
423,sbogacebq@jugem.jp,Sollie,Bogace,"",423
424,csomertonbr@telegraph.co.uk,Cordula,Somerton,"",424
425,jfaithfullbs@huffingtonpost.com,Jethro,Faithfull,"",425
426,eextancebt@noaa.gov,Emmie,Extance,"",426
427,edorneybu@foxnews.com,Elliott,Dorney,"",427
428,sjasparbv@joomla.org,Sharyl,Jaspar,"",428
429,scavetbw@bluehost.com,Serge,Cavet,"",429
430,amatfieldbx@yale.edu,Ardyth,Matfield,"",430
431,cbarendsby@abc.net.au,Conroy,Barends,"",431
432,vdovinsonbz@redcross.org,Van,Dovinson,"",432
433,dibbittc0@canalblog.com,Dorry,Ibbitt,"",433
434,dtrunksc1@lycos.com,Dionis,Trunks,"",434
435,lcouthc2@de.vu,Lucie,Couth,"",435
436,lsedgmondc3@exblog.jp,Laverna,Sedgmond,"",436
437,oharbererc4@state.tx.us,Ogden,Harberer,"",437
438,dmainsc5@rakuten.co.jp,Del,Mains,"",438
439,ssprowlesc6@dmoz.org,Sarine,Sprowles,"",439
440,dfludec7@msn.com,Dexter,Flude,"",440
441,ngrewc8@twitter.com,Nealson,Grew,"",441
442,livantsovc9@dyndns.org,Louisette,Ivantsov,"",442
443,vgreenhalghca@cbslocal.com,Victoir,Greenhalgh,"",443
444,nbrookhousecb@walmart.com,Nerta,Brookhouse,"",444
445,jhinksencc@dagondesign.com,Jamil,Hinksen,"",445
446,cdennecd@w3.org,Cayla,Denne,"",446
447,jpetruschce@apache.org,Jenna,Petrusch,"",447
448,dwhitcombcf@europa.eu,Darci,Whitcomb,"",448
449,biacabuccicg@umn.edu,Bea,Iacabucci,"",449
450,johegertiech@cisco.com,Jaquelin,O'Hegertie,"",450
451,aleatci@liveinternet.ru,Ali,Leat,"",451
452,ugullencj@apple.com,Urbanus,Gullen,"",452
453,fselbachck@goo.ne.jp,Frasco,Selbach,"",453
454,areynoolldscl@npr.org,Arin,Reynoollds,"",454
455,keynaudcm@fastcompany.com,Katy,Eynaud,"",455
456,bbeartcn@guardian.co.uk,Brody,Beart,"",456
457,fbengallco@sitemeter.com,Florentia,Bengall,"",457
458,vclydecp@php.net,Veronique,Clyde,"",458
459,mkilbanecq@umn.edu,Maximilian,Kilbane,"",459
460,htorracr@wordpress.com,Hunfredo,Torra,"",460
461,hmennithorpcs@foxnews.com,Hanson,Mennithorp,"",461
462,edaudrayct@tuttocitta.it,Edouard,Daudray,"",462
463,glambertsoncu@miibeian.gov.cn,Gerty,Lambertson,"",463
464,bpyecroftcv@printfriendly.com,Brietta,Pyecroft,"",464
465,amacartneycw@wunderground.com,Amalee,Macartney,"",465
466,alepopecx@prweb.com,Adella,Lepope,"",466
467,nbaskettercy@shop-pro.jp,Neron,Basketter,"",467
468,lfowkescz@technorati.com,Liuka,Fowkes,"",468
469,lmilingtond0@ovh.net,Lib,Milington,"",469
470,klambdend1@newyorker.com,Kerstin,Lambden,"",470
471,wrawdalld2@java.com,Wendel,Rawdall,"",471
472,codonegand3@tamu.edu,Carleen,O'Donegan,"",472
473,fyoungd4@printfriendly.com,Forrester,Young,"",473
474,agoulterd5@csmonitor.com,Aubree,Goulter,"",474
475,gdeferrarisd6@webmd.com,Gabby,De Ferraris,"",475
476,ccanetd7@woothemes.com,Caritta,Canet,"",476
477,plangstoned8@bloglovin.com,Porter,Langstone,"",477
478,ipetegreed9@bloomberg.com,Ian,Petegree,"",478
479,phatchmanda@microsoft.com,Patten,Hatchman,"",479
480,nfessbydb@infoseek.co.jp,Neda,Fessby,"",480
481,dfackrelldc@npr.org,Dannye,Fackrell,"",481
482,wdelasalledd@mashable.com,Wald,De La Salle,"",482
483,hgoterde@google.co.uk,Hilde,Goter,"",483
484,ytraheardf@storify.com,Yardley,Trahear,"",484
485,sholburndg@yale.edu,Sigvard,Holburn,"",485
486,bfraindh@si.edu,Benn,Frain,"",486
487,atippledi@webnode.com,Anetta,Tipple,"",487
488,fsimonetondj@digg.com,Freedman,Simoneton,"",488
489,mwilkiedk@nasa.gov,Morlee,Wilkie,"",489
490,aconmandl@timesonline.co.uk,Anabelle,Conman,"",490
491,rmcilwrickdm@google.es,Ron,McIlwrick,"",491
492,wcrauforddn@slashdot.org,Winne,Crauford,"",492
493,obitchenodo@wiley.com,Osgood,Bitcheno,"",493
494,dsyderdp@microsoft.com,Darin,Syder,"",494
495,mshavedq@mozilla.org,Mordecai,Shave,"",495
496,ebogacedr@51.la,Eric,Bogace,"",496
497,dboldingds@bigcartel.com,Dania,Bolding,"",497
498,smaydwaydt@opensource.org,Sherwood,Maydway,"",498
499,mquestedu@e-recht24.de,Melisandra,Queste,"",499
500,kbabidgedv@craigslist.org,Kerwin,Babidge,"",500
501,epatientdw@com.com,Erin,Patient,"",501
502,bbalmanndx@unc.edu,Brietta,Balmann,"",502
503,wwillsondy@umich.edu,Wilhelmine,Willson,"",503
504,lisenordz@mediafire.com,Linda,Isenor,"",504
505,mlazare0@blogger.com,Meade,Lazar,"",505
506,hduffielde1@mashable.com,Hilliary,Duffield,"",506
507,ppledgere2@msu.edu,Preston,Pledger,"",507
508,sradeliffee3@networkadvertising.org,Susi,Radeliffe,"",508
509,akistinge4@nationalgeographic.com,Aurlie,Kisting,"",509
510,hboundee5@amazonaws.com,Haywood,Bounde,"",510
511,rstreatleye6@gravatar.com,Roderic,Streatley,"",511
512,rfeldfishere7@oakley.com,Reider,Feldfisher,"",512
513,jmccrainore8@senate.gov,Jaquenette,McCrainor,"",513
514,mbondleye9@cocolog-nifty.com,Marcellus,Bondley,"",514
515,mmostenea@mozilla.org,Maje,Mosten,"",515
516,btodoreb@youtube.com,Berthe,todor,"",516
517,mproswellec@w3.org,Margy,Proswell,"",517
518,pdeasoned@discovery.com,Perceval,Deason,"",518
519,ifortescueee@topsy.com,Ivett,Fortescue,"",519
520,abassanoef@biglobe.ne.jp,Abbey,Bassano,"",520
521,rmundleeg@clickbank.net,Royall,Mundle,"",521
522,lhintzereh@google.com,Lauraine,Hintzer,"",522
523,hlearnedei@mapquest.com,Hyacintha,Learned,"",523
524,sovittsej@omniture.com,Sabrina,Ovitts,"",524
525,mnancarrowek@cnn.com,Merv,Nancarrow,"",525
526,jsymmersel@wordpress.com,Joni,Symmers,"",526
527,cmaciejewskiem@wiley.com,Carolina,Maciejewski,"",527
528,pblodgeten@quantcast.com,Petronella,Blodget,"",528
529,jnunesnabarroeo@si.edu,Judd,Nunes Nabarro,"",529
530,awalkingshawep@buzzfeed.com,Aurea,Walkingshaw,"",530
531,nsinncockeq@ehow.com,Normy,Sinncock,"",531
532,fmarzellaer@gizmodo.com,Frannie,Marzella,"",532
533,bfardyes@amazon.com,Berkeley,Fardy,"",533
534,dpearlet@msu.edu,Dalenna,Pearl,"",534
535,fellyatteu@mashable.com,Francisco,Ellyatt,"",535
536,kdockseyev@friendfeed.com,Karola,Docksey,"",536
537,eusherwoodew@ft.com,Edik,Usherwood,"",537
538,spatterfieldex@gnu.org,Sile,Patterfield,"",538
539,cstariesey@cam.ac.uk,Correy,Staries,"",539
540,tdarridonez@nsw.gov.au,Tera,Darridon,"",540
541,earondelf0@umich.edu,Edee,Arondel,"",541
542,ebruinsmaf1@csmonitor.com,Emelita,Bruinsma,"",542
543,gmcmurrayaf2@flickr.com,Gates,McMurraya,"",543
544,jmartinef3@altervista.org,Jaquenetta,Martine,"",544
545,cweatherdonf4@unicef.org,Christoforo,Weatherdon,"",545
546,gfinlaisonf5@si.edu,Greggory,Finlaison,"",546
547,vsmithef6@artisteer.com,Vergil,Smithe,"",547
548,aalthorpf7@netscape.com,Arabella,Althorp,"",548
549,wpykettf8@icq.com,Willi,Pykett,"",549
550,cenderwickf9@opensource.org,Catha,Enderwick,"",550
551,gwilseefa@army.mil,Gnni,Wilsee,"",551
552,cbendellfb@drupal.org,Carolus,Bendell,"",552
553,bbolwellfc@virginia.edu,Bekki,Bolwell,"",553
554,zsecombefd@squidoo.com,Zerk,Secombe,"",554
555,tsyversenfe@163.com,Tommy,Syversen,"",555
556,kmacraeff@washington.edu,Kasper,Macrae,"",556
557,mdagworthyfg@canalblog.com,Mayor,Dagworthy,"",557
558,lmoysefh@xrea.com,Lila,Moyse,"",558
559,jebanksfi@cam.ac.uk,Jo,Ebanks,"",559
560,dviolletfj@hp.com,Dulce,Viollet,"",560
561,rhorrellfk@bigcartel.com,Renato,Horrell,"",561
562,gbeamsonfl@narod.ru,Genevra,Beamson,"",562
563,cbedboroughfm@weebly.com,Ches,Bedborough,"",563
564,cmillettfn@unesco.org,Carol-jean,Millett,"",564
565,vposnettefo@businesswire.com,Verine,Posnette,"",565
566,dwilkinsonfp@shareasale.com,Derrek,Wilkinson,"",566
567,pquartleyfq@i2i.jp,Patrice,Quartley,"",567
568,dliddellfr@opera.com,Dorise,Liddell,"",568
569,bperonfs@163.com,Barbe,Peron,"",569
570,rrichardetft@people.com.cn,Ranna,Richardet,"",570
571,pparkhousefu@latimes.com,Pris,Parkhouse,"",571
572,iovendalefv@bloglovin.com,Irina,Ovendale,"",572
573,lrickfordfw@huffingtonpost.com,Letty,Rickford,"",573
574,cchadfx@nytimes.com,Christabel,Chad,"",574
575,sjirekfy@tinyurl.com,Simonne,Jirek,"",575
576,mhallyburtonfz@phpbb.com,Melisent,Hallyburton,"",576
577,sjorckeg0@mozilla.com,Sharon,Jorcke,"",577
578,jdurranceg1@va.gov,Jules,Durrance,"",578
579,nduddeng2@bigcartel.com,Nicoline,Dudden,"",579
580,jborgnetg3@dyndns.org,Jamaal,Borgnet,"",580
581,hrowthorneg4@mozilla.org,Hershel,Rowthorne,"",581
582,bfearng5@constantcontact.com,Brigg,Fearn,"",582
583,kmorphewg6@woothemes.com,Kalle,Morphew,"",583
584,mosining7@addthis.com,Mab,Osinin,"",584
585,jmollettg8@sfgate.com,Johnette,Mollett,"",585
586,cscholtisg9@dot.gov,Cesare,Scholtis,"",586
587,bgavrielliga@usnews.com,Belita,Gavrielli,"",587
588,cjallandgb@lulu.com,Caroline,Jalland,"",588
589,ltevelovgc@baidu.com,Lisetta,Tevelov,"",589
590,jcarnachengd@dell.com,Johnath,Carnachen,"",590
591,bfluckge@ezinearticles.com,Bibby,Fluck,"",591
592,msygrovesgf@shutterfly.com,Miran,Sygroves,"",592
593,jsanggg@ted.com,Jyoti,Sang,"",593
594,twerrettgh@geocities.com,Tristam,Werrett,"",594
595,dgauntgi@miitbeian.gov.cn,Desi,Gaunt,"",595
596,jwlochgj@friendfeed.com,Jaymie,Wloch,"",596
597,rmardlinggk@naver.com,Ramona,Mardling,"",597
598,rjorczykgl@ed.gov,Rivalee,Jorczyk,"",598
599,dstihlgm@google.nl,Darn,Stihl,"",599
600,lguilfordgn@discuz.net,Lazaro,Guilford,"",600
601,efinnerango@youku.com,Ellyn,Finneran,"",601
602,pstertegp@hc360.com,Putnem,Sterte,"",602
603,sfilipputtigq@photobucket.com,Sammie,Filipputti,"",603
604,edimaggiogr@amazon.co.uk,Ewart,Di Maggio,"",604
605,arapportgs@naver.com,Amberly,Rapport,"",605
606,ehancillgt@nationalgeographic.com,Elsworth,Hancill,"",606
607,bfligggu@cisco.com,Billy,Fligg,"",607
608,ctackgv@house.gov,Cinnamon,Tack,"",608
609,lmattockgw@mozilla.com,Lonni,Mattock,"",609
610,egortongx@prlog.org,Enrichetta,Gorton,"",610
611,glazenburygy@newsvine.com,Gusella,Lazenbury,"",611
612,osimestergz@mapy.cz,Olly,Simester,"",612
613,rflemmingh0@addtoany.com,Rozelle,Flemming,"",613
614,sfotitth1@nature.com,Shani,Fotitt,"",614
615,scaveauh2@skype.com,Sonny,Caveau,"",615
616,tesplinh3@webeden.co.uk,Tamiko,Esplin,"",616
617,lrosenbushh4@netlog.com,Luce,Rosenbush,"",617
618,wridgleyh5@usgs.gov,Wyatan,Ridgley,"",618
619,sdyersh6@people.com.cn,Shelia,Dyers,"",619
620,cpiroueth7@jimdo.com,Charla,Pirouet,"",620
621,alangmuirh8@mysql.com,Alina,Langmuir,"",621
622,mridgerh9@google.ca,Milena,Ridger,"",622
623,wbentickha@ed.gov,Wilhelm,Bentick,"",623
624,btunehb@businessinsider.com,Bentley,Tune,"",624
625,ttroyeshc@weebly.com,Trix,Troyes,"",625
626,inewhamhd@wikispaces.com,Iggie,Newham,"",626
627,nsaltresehe@jimdo.com,Neda,Saltrese,"",627
628,gplewmanhf@barnesandnoble.com,Gwyneth,Plewman,"",628
629,jwernhamhg@npr.org,Jobina,Wernham,"",629
630,dkollatschhh@discovery.com,Delmer,Kollatsch,"",630
631,cnethercotthi@yale.edu,Correna,Nethercott,"",631
632,hbartaluccihj@de.vu,Harmonie,Bartalucci,"",632
633,ypollackhk@dion.ne.jp,Yard,Pollack,"",633
634,cspringatehl@baidu.com,Claudette,Springate,"",634
635,eekehm@engadget.com,Ellyn,Eke,"",635
636,gpostonhn@whitehouse.gov,Garey,Poston,"",636
637,dcramerho@phoca.cz,Derrek,Cramer,"",637
638,ipratehp@pagesperso-orange.fr,Imogene,Prate,"",638
639,dsloamhq@imgur.com,Doralyn,Sloam,"",639
640,mstutherhr@feedburner.com,Mollee,Stuther,"",640
641,lricardehs@so-net.ne.jp,Lynsey,Ricarde,"",641
642,cmclemonht@tmall.com,Cobbie,McLemon,"",642
643,mhansardhu@purevolume.com,Mallory,Hansard,"",643
644,mcumptonhv@google.cn,Major,Cumpton,"",644
645,cschellighw@youku.com,Caz,Schellig,"",645
646,dstubbshx@nydailynews.com,Dorey,Stubbs,"",646
647,regrehy@angelfire.com,Reid,Egre,"",647
648,kstangroomhz@yelp.com,Kaine,Stangroom,"",648
649,csousai0@nba.com,Casie,Sousa,"",649
650,ytejeroi1@bluehost.com,Yorker,Tejero,"",650
651,seacotti2@illinois.edu,Spencer,Eacott,"",651
652,dbarringeri3@mapquest.com,Dael,Barringer,"",652
653,akluliceki4@forbes.com,Anthony,Klulicek,"",653
654,jespiei5@dagondesign.com,Jourdan,Espie,"",654
655,tmarjanskii6@edublogs.org,Taber,Marjanski,"",655
656,jlabordai7@technorati.com,Joshua,Laborda,"",656
657,ktuddalli8@vistaprint.com,Katheryn,Tuddall,"",657
658,bregleri9@tripadvisor.com,Barbe,Regler,"",658
659,acanetia@shutterfly.com,Arabella,Canet,"",659
660,kanandib@simplemachines.org,Katina,Anand,"",660
661,groselliic@pen.io,Gael,Roselli,"",661
662,janfreyid@wikispaces.com,Josi,Anfrey,"",662
663,swyllieie@google.pl,Stinky,Wyllie,"",663
664,bwimsettif@prweb.com,Bartram,Wimsett,"",664
665,eklempkeig@nhs.uk,Emiline,Klempke,"",665
666,sgooddingih@xing.com,Shane,Goodding,"",666
667,edobneyii@goo.gl,Eirena,Dobney,"",667
668,spyfordij@patch.com,Sheila-kathryn,Pyford,"",668
669,gduinbletonik@vimeo.com,Genevra,Duinbleton,"",669
670,cmanginotil@ox.ac.uk,Colette,Manginot,"",670
671,cbentjensim@unesco.org,Currie,Bentjens,"",671
672,bpinxtonin@unicef.org,Bernelle,Pinxton,"",672
673,bwathallio@linkedin.com,Barris,Wathall,"",673
674,ldavidip@soup.io,Lothario,David,"",674
675,sstideveriq@joomla.org,Sammy,Stidever,"",675
676,jkittemanir@indiegogo.com,Jacques,Kitteman,"",676
677,mscarrisbrickis@is.gd,Mortimer,Scarrisbrick,"",677
678,vroddieit@tinypic.com,Vasili,Roddie,"",678
679,ridleiu@jugem.jp,Ranee,Idle,"",679
680,erichfordiv@privacy.gov.au,Erick,Richford,"",680
681,adoodyiw@nih.gov,Annamaria,Doody,"",681
682,gaxtellix@joomla.org,Glyn,Axtell,"",682
683,ifranziniiy@feedburner.com,Idelle,Franzini,"",683
684,anessiz@microsoft.com,Anna-diane,Ness,"",684
685,fgrollj0@facebook.com,Felita,Groll,"",685
686,iwestbyj1@arstechnica.com,Ike,Westby,"",686
687,kmcgowanj2@gmpg.org,Kellina,McGowan,"",687
688,adewettj3@mapy.cz,Allistir,Dewett,"",688
689,dsilverstonj4@amazon.com,Dania,Silverston,"",689
690,harranj5@irs.gov,Hugo,Arran,"",690
691,khemshallj6@wordpress.org,Kaila,Hemshall,"",691
692,mscrauniagej7@umich.edu,Marian,Scrauniage,"",692
693,ccookneyj8@surveymonkey.com,Christoper,Cookney,"",693
694,pnestorj9@msn.com,Papageno,Nestor,"",694
695,klambdonja@histats.com,Kipper,Lambdon,"",695
696,dbollinsjb@ning.com,Dill,Bollins,"",696
697,rcolbertjc@adobe.com,Renault,Colbert,"",697
698,abulpittjd@telegraph.co.uk,Artus,Bulpitt,"",698
699,sconvilleje@csmonitor.com,Sancho,Conville,"",699
700,pcaudelierjf@comcast.net,Park,Caudelier,"",700
701,mcrichjg@youtu.be,Maryjo,Crich,"",701
702,gbathersbyjh@gov.uk,Gram,Bathersby,"",702
703,mwandrachji@thetimes.co.uk,Marcus,Wandrach,"",703
704,abooseyjj@jigsy.com,Audy,Boosey,"",704
705,gbagguleyjk@ucoz.com,Ginger,Bagguley,"",705
706,rbienvenujl@weebly.com,Rana,Bienvenu,"",706
707,rnelsonjm@howstuffworks.com,Riannon,Nelson,"",707
708,tsiegejn@webmd.com,Teddie,Siege,"",708
709,hscapensjo@jalbum.net,Holly,Scapens,"",709
710,kchadbournejp@yahoo.co.jp,Karlyn,Chadbourne,"",710
711,rmorillajq@icq.com,Rudolph,Morilla,"",711
712,lcicconettiijr@nbcnews.com,Laural,Cicconettii,"",712
713,ddreossijs@yahoo.com,Darb,Dreossi,"",713
714,pgosfordjt@about.com,Poppy,Gosford,"",714
715,jridingju@cdbaby.com,Jorgan,Riding,"",715
716,egrayleyjv@lycos.com,Emmy,Grayley,"",716
717,bculveyjw@google.es,Burty,Culvey,"",717
718,jjamsonjx@sphinn.com,Jacky,Jamson,"",718
719,ajehujy@usatoday.com,Arlie,Jehu,"",719
720,gnorsterjz@reddit.com,Glynis,Norster,"",720
721,asexstonek0@cisco.com,Aimil,Sexstone,"",721
722,daustenk1@hugedomains.com,Donnell,Austen,"",722
723,jsheerek2@dyndns.org,Jenn,Sheere,"",723
724,pcarrickk3@eepurl.com,Pepi,Carrick,"",724
725,flindlk4@last.fm,Falkner,Lindl,"",725
726,bedgellk5@4shared.com,Beatrix,Edgell,"",726
727,mgrocockk6@upenn.edu,Matilde,Grocock,"",727
728,gswiersk7@joomla.org,Godart,Swiers,"",728
729,cbloxamk8@wunderground.com,Cathie,Bloxam,"",729
730,bsixsmithk9@1688.com,Bambi,Sixsmith,"",730
731,ischurigka@blinklist.com,Ignace,Schurig,"",731
732,npatrickkb@youtube.com,Norina,Patrick,"",732
733,rmenaultkc@exblog.jp,Rozelle,Menault,"",733
734,czornkd@bloglovin.com,Coralyn,Zorn,"",734
735,gkinnerleyke@google.co.uk,Goldie,Kinnerley,"",735
736,bcolliekf@elegantthemes.com,Bill,Collie,"",736
737,elapthornekg@about.com,Eleni,Lapthorne,"",737
738,sshoemarkkh@comcast.net,Seana,Shoemark,"",738
739,mlethleyki@netlog.com,Mitchael,Lethley,"",739
740,fbuckelkj@jigsy.com,Fred,Buckel,"",740
741,msharpuskk@nytimes.com,Murvyn,Sharpus,"",741
742,ggianneschikl@posterous.com,Gerianne,Gianneschi,"",742
743,blesmondekm@issuu.com,Brett,Lesmonde,"",743
744,kguinesskn@delicious.com,Kiley,Guiness,"",744
745,learpko@pbs.org,Lindsay,Earp,"",745
746,jbacupkp@dagondesign.com,Jase,Bacup,"",746
747,phacaudkq@home.pl,Polly,Hacaud,"",747
748,tbrackenridgekr@icq.com,Traci,Brackenridge,"",748
749,ahounsomks@wisc.edu,Agata,Hounsom,"",749
750,lfrusherkt@i2i.jp,Lorenzo,Frusher,"",750
751,jlucaku@bizjournals.com,Julieta,Luca,"",751
752,obenboughkv@simplemachines.org,Ogden,Benbough,"",752
753,cahernekw@blog.com,Clarinda,Aherne,"",753
754,sromainekx@va.gov,Shanie,Romaine,"",754
755,aclacksonky@reverbnation.com,Adele,Clackson,"",755
756,toventonkz@google.de,Theda,Oventon,"",756
757,ckalbl0@lulu.com,Carney,Kalb,"",757
758,mchatanl1@dion.ne.jp,Merna,Chatan,"",758
759,cfynesl2@reverbnation.com,Cate,Fynes,"",759
760,wsuttiel3@exblog.jp,Worth,Suttie,"",760
761,ckelwickl4@blogtalkradio.com,Christiane,Kelwick,"",761
762,rfraneyl5@t.co,Ronalda,Franey,"",762
763,fgeaterl6@deliciousdays.com,Filmore,Geater,"",763
764,dscathardl7@reference.com,Dasi,Scathard,"",764
765,jolfordl8@spiegel.de,Joella,Olford,"",765
766,rbreacherl9@shop-pro.jp,Rita,Breacher,"",766
767,wcolmanla@behance.net,Willard,Colman,"",767
768,jloudianelb@admin.ch,Juditha,Loudiane,"",768
769,agoselinglc@marriott.com,Ario,Goseling,"",769
770,mnaismithld@biglobe.ne.jp,Martelle,Naismith,"",770
771,vlargele@wired.com,Velvet,Large,"",771
772,inardilf@nih.gov,Ilsa,Nardi,"",772
773,mkilkennylg@baidu.com,Myrna,Kilkenny,"",773
774,ldziwiszlh@seesaa.net,Larina,Dziwisz,"",774
775,srodsonli@com.com,Sheree,Rodson,"",775
776,lakramlj@elegantthemes.com,Lottie,Akram,"",776
777,lfreckinghamlk@earthlink.net,Lorenzo,Freckingham,"",777
778,ldobbinsll@google.pl,Liza,Dobbins,"",778
779,ybavinlm@drupal.org,Yankee,Bavin,"",779
780,shamsleyln@cocolog-nifty.com,Shell,Hamsley,"",780
781,uvanniekerklo@sun.com,Urbain,Van Niekerk,"",781
782,gcotterelllp@is.gd,Gerti,Cotterell,"",782
783,iescalantelq@patch.com,Imojean,Escalante,"",783
784,slambotinlr@1688.com,Skelly,Lambotin,"",784
785,sramasls@marketwatch.com,Sephira,Ramas,"",785
786,dsagrottlt@creativecommons.org,Dene,Sagrott,"",786
787,kzuanlu@technorati.com,Kiri,Zuan,"",787
788,amckernanlv@goo.ne.jp,Ashley,McKernan,"",788
789,ccarloslw@paginegialle.it,Cissy,Carlos,"",789
790,lgoardlx@blogger.com,Leslie,Goard,"",790
791,mcathroly@phpbb.com,Monro,Cathro,"",791
792,mdurdanlz@163.com,Man,Durdan,"",792
793,fanningm0@un.org,Ferdie,Anning,"",793
794,tfrichleym1@jugem.jp,Teador,Frichley,"",794
795,oschultzm2@discuz.net,Oralla,Schultz,"",795
796,wgianottim3@cloudflare.com,Wyatan,Gianotti,"",796
797,wwitherbedm4@loc.gov,Westbrook,Witherbed,"",797
798,bandryszczakm5@yale.edu,Bendicty,Andryszczak,"",798
799,clearmonthm6@howstuffworks.com,Cassie,Learmonth,"",799
800,bgilluleym7@abc.net.au,Blaine,Gilluley,"",800
801,jheymannm8@phoca.cz,Jocko,Heymann,"",801
802,bferronim9@china.com.cn,Binny,Ferroni,"",802
803,ckybbyema@issuu.com,Cherish,Kybbye,"",803
804,kguillardmb@bbc.co.uk,Kynthia,Guillard,"",804
805,tstoneymc@webnode.com,Theodosia,Stoney,"",805
806,jjohlmd@mozilla.com,Jaquenette,Johl,"",806
807,rfrogleyme@mysql.com,Rodi,Frogley,"",807
808,mbleachermf@webmd.com,Mitchel,Bleacher,"",808
809,dbadrickmg@reverbnation.com,Dav,Badrick,"",809
810,kbissmh@artisteer.com,Keslie,Biss,"",810
811,jsileymi@prweb.com,Johannah,Siley,"",811
812,lsallingermj@blogtalkradio.com,Loree,Sallinger,"",812
813,gbeeckxmk@github.io,Grantley,Beeckx,"",813
814,mboundml@paginegialle.it,Mala,Bound,"",814
815,amanoellimm@weather.com,Alix,Manoelli,"",815
816,lleesemn@va.gov,Lawrence,Leese,"",816
817,dcarlemo@amazon.co.uk,Datha,Carle,"",817
818,jhewertsonmp@wikia.com,Joelynn,Hewertson,"",818
819,hcostellmq@pen.io,Hodge,Costell,"",819
820,nmeldrummr@comsenz.com,Nessie,Meldrum,"",820
821,ffindenms@lycos.com,Frieda,Finden,"",821
822,rlovemanmt@biglobe.ne.jp,Ruthi,Loveman,"",822
823,hballaymu@bizjournals.com,Hermia,Ballay,"",823
824,dlindsellmv@ucoz.com,Dona,Lindsell,"",824
825,aostickmw@illinois.edu,Anselma,Ostick,"",825
826,mmcgettiganmx@dyndns.org,Maiga,McGettigan,"",826
827,mewbanckmy@ibm.com,Mireielle,Ewbanck,"",827
828,amorchmz@addtoany.com,Anatole,Morch,"",828
829,fkilcullenn0@godaddy.com,Fraser,Kilcullen,"",829
830,gpierron1@samsung.com,Gabriel,Pierro,"",830
831,hmogeyn2@ask.com,Hailee,Mogey,"",831
832,leyresn3@cnet.com,Lindsay,Eyres,"",832
833,pquaifn4@barnesandnoble.com,Pattin,Quaif,"",833
834,ttilln5@taobao.com,Tiphanie,Till,"",834
835,mlocockn6@creativecommons.org,Morey,Locock,"",835
836,edellenbrokn7@printfriendly.com,Elly,Dellenbrok,"",836
837,glundonn8@lycos.com,Genovera,Lundon,"",837
838,ldagleasn9@tripadvisor.com,Lynnelle,Dagleas,"",838
839,cbrealeyna@census.gov,Corbie,Brealey,"",839
840,foveynb@theguardian.com,Florinda,Ovey,"",840
841,jneilandsnc@cpanel.net,Jay,Neilands,"",841
842,drosettind@vimeo.com,Daniele,Rosetti,"",842
843,valawayne@nba.com,Valeria,Alaway,"",843
844,ksnoadnf@home.pl,Kania,Snoad,"",844
845,hvanaccing@stanford.edu,Hansiain,Vanacci,"",845
846,amaricnh@boston.com,Agretha,Maric,"",846
847,lmuslimni@hao123.com,Lindie,Muslim,"",847
848,ranfreynj@ucoz.ru,Rosy,Anfrey,"",848
849,mrockellnk@rambler.ru,Margot,Rockell,"",849
850,jayshfordnl@icio.us,Jobye,Ayshford,"",850
851,ntonnernm@psu.edu,Neila,Tonner,"",851
852,hbarczynskinn@dot.gov,Hadria,Barczynski,"",852
853,eabrahmerno@cdbaby.com,Emmalee,Abrahmer,"",853
854,vdallonnp@google.com.au,Vincenz,Dallon,"",854
855,gsainternq@cafepress.com,Grady,Sainter,"",855
856,aruosnr@acquirethisname.com,Alfie,Ruos,"",856
857,pramns@g.co,Patrice,Ram,"",857
858,bseckingtonnt@e-recht24.de,Brit,Seckington,"",858
859,lshandnu@cdc.gov,Lindy,Shand,"",859
860,msiderynv@globo.com,Mame,Sidery,"",860
861,sdelieunw@nymag.com,Salim,Delieu,"",861
862,sainsleenx@ucla.edu,Sergei,Ainslee,"",862
863,thowlerny@ebay.co.uk,Tobit,Howler,"",863
864,hbushbynz@nytimes.com,Hortense,Bushby,"",864
865,cwinnistero0@ucla.edu,Cymbre,Winnister,"",865
866,jwimbusho1@pagesperso-orange.fr,Jaime,Wimbush,"",866
867,cteffto2@furl.net,Cross,Tefft,"",867
868,zstockso3@simplemachines.org,Zilvia,Stocks,"",868
869,vmonteso4@wikimedia.org,Vincenz,Montes,"",869
870,hstrethillo5@chicagotribune.com,Hephzibah,Strethill,"",870
871,agalieroo6@list-manage.com,Aubrey,Galiero,"",871
872,landriolettio7@technorati.com,Lezlie,Andrioletti,"",872
873,hgabbatto8@redcross.org,Hort,Gabbatt,"",873
874,nmulleno9@eepurl.com,Neill,Mullen,"",874
875,rfeganoa@narod.ru,Ryan,Fegan,"",875
876,beusticeob@salon.com,Bartram,Eustice,"",876
877,kcallejaoc@answers.com,Kristen,Calleja,"",877
878,cvoulsod@ocn.ne.jp,Clementina,Vouls,"",878
879,gshillitoeoe@ox.ac.uk,Grier,Shillitoe,"",879
880,rsymsof@umich.edu,Rosetta,Syms,"",880
881,bcranstonog@spotify.com,Barnebas,Cranston,"",881
882,lmctrustyoh@chronoengine.com,Leigh,McTrusty,"",882
883,mnoadesoi@apache.org,Montague,Noades,"",883
884,cllewellenoj@intel.com,Cassondra,Llewellen,"",884
885,aortzenok@51.la,Allix,Ortzen,"",885
886,cmcalpineol@biglobe.ne.jp,Cody,McAlpine,"",886
887,dgleedom@bandcamp.com,Daisy,Gleed,"",887
888,rbartellon@wp.com,Reade,Bartell,"",888
889,jduboseoo@google.fr,Jaymie,Dubose,"",889
890,abilbeyop@omniture.com,Arnoldo,Bilbey,"",890
891,xkayneoq@ibm.com,Xylina,Kayne,"",891
892,desherwoodor@hibu.com,Douglass,Esherwood,"",892
893,amarkushkinos@constantcontact.com,Adey,Markushkin,"",893
894,imatysiakot@huffingtonpost.com,Inna,Matysiak,"",894
895,rlawrenzou@lulu.com,Rachele,Lawrenz,"",895
896,mhunnybunov@dailymotion.com,Merlina,Hunnybun,"",896
897,hlariveow@diigo.com,Huberto,Larive,"",897
898,ffearnehoughox@quantcast.com,Franny,Fearnehough,"",898
899,ssheringtonoy@yahoo.co.jp,Sonnie,Sherington,"",899
900,fmcgurnoz@jigsy.com,Free,McGurn,"",900
901,sdettmarp0@amazon.de,Sukey,Dettmar,"",901
902,mlougheadp1@wired.com,Mae,Loughead,"",902
903,jvalancep2@storify.com,Jaclyn,Valance,"",903
904,zskittrellp3@uiuc.edu,Zachariah,Skittrell,"",904
905,dcoddringtonp4@shutterfly.com,Dyanne,Coddrington,"",905
906,kjerischp5@google.com,Katharina,Jerisch,"",906
907,epollastrinop6@infoseek.co.jp,Elly,Pollastrino,"",907
908,ahalmsp7@europa.eu,Alphard,Halms,"",908
909,cganterp8@booking.com,Christy,Ganter,"",909
910,rfitzsymonp9@patch.com,Ringo,Fitzsymon,"",910
911,nyeandelpa@chronoengine.com,Niles,Yeandel,"",911
912,edomotorpb@google.it,Edouard,Domotor,"",912
913,imakinsonpc@mozilla.org,Iseabal,Makinson,"",913
914,hlynaspd@yandex.ru,Hart,Lynas,"",914
915,jmcnirlinpe@themeforest.net,Janet,McNirlin,"",915
916,vwilliampf@hc360.com,Vevay,William,"",916
917,bdinnagepg@virginia.edu,Billy,Dinnage,"",917
918,psalvageph@flavors.me,Paton,Salvage,"",918
919,cdurnellpi@bbb.org,Camey,Durnell,"",919
920,gwisniewskipj@histats.com,Goldy,Wisniewski,"",920
921,ecorneilpk@archive.org,Enrika,Corneil,"",921
922,hwormanpl@live.com,Helene,Worman,"",922
923,tcurwenpm@i2i.jp,Tannie,Curwen,"",923
924,sroughleypn@storify.com,Sena,Roughley,"",924
925,pespadaterpo@woothemes.com,Paulina,Espadater,"",925
926,vboundpp@yellowpages.com,Veronica,Bound,"",926
927,lhellewellpq@prnewswire.com,Launce,Hellewell,"",927
928,eblasiakpr@ucsd.edu,Ettore,Blasiak,"",928
929,emaleckyps@macromedia.com,Elvyn,Malecky,"",929
930,rmoncasterpt@boston.com,Rosene,Moncaster,"",930
931,acommonpu@bloglines.com,Alanson,Common,"",931
932,lyokelmanpv@skyrock.com,Lissy,Yokelman,"",932
933,mdrinkelpw@tinypic.com,Maddie,Drinkel,"",933
934,toakleypx@delicious.com,Tim,Oakley,"",934
935,rgornalpy@independent.co.uk,Rois,Gornal,"",935
936,hlaffanpz@indiegogo.com,Harley,Laffan,"",936
937,hsivyourq0@jalbum.net,Harrison,Sivyour,"",937
938,ephebyq1@oracle.com,Emile,Pheby,"",938
939,ulennonq2@cargocollective.com,Uriah,Lennon,"",939
940,cwarboyq3@scientificamerican.com,Cristine,Warboy,"",940
941,jkowalq4@privacy.gov.au,Johna,Kowal,"",941
942,ssirlq5@cdbaby.com,Sissy,Sirl,"",942
943,mbarbaryq6@newsvine.com,Marie-ann,Barbary,"",943
944,dprahmq7@cam.ac.uk,Debi,Prahm,"",944
945,rvegasq8@cmu.edu,Ricki,Vegas,"",945
946,bradbornq9@github.com,Burch,Radborn,"",946
947,hspieghtqa@w3.org,Hewe,Spieght,"",947
948,lmacsweenqb@people.com.cn,Lucius,MacSween,"",948
949,wearyqc@storify.com,Winnah,Eary,"",949
950,faloshechkinqd@wikia.com,Fiona,Aloshechkin,"",950
951,acoxwellqe@independent.co.uk,Ambrosio,Coxwell,"",951
952,fhalladayqf@usnews.com,Flint,Halladay,"",952
953,rberendsqg@bbb.org,Regen,Berends,"",953
954,jpettwoodqh@economist.com,Jamima,Pettwood,"",954
955,rgrassickqi@vkontakte.ru,Rudiger,Grassick,"",955
956,lbeddoesqj@wikimedia.org,Lola,Beddoes,"",956
957,csyersqk@amazon.com,Clarabelle,Syers,"",957
958,asidleql@eventbrite.com,Allyn,Sidle,"",958
959,grodolfqm@miitbeian.gov.cn,Gabriell,Rodolf,"",959
960,balbertiqn@ezinearticles.com,Budd,Alberti,"",960
961,jgeachqo@stumbleupon.com,Jacky,Geach,"",961
962,khartlandqp@nhs.uk,Kenyon,Hartland,"",962
963,mkingswoldqq@seesaa.net,Megen,Kingswold,"",963
964,jtrowelqr@fda.gov,Jackie,Trowel,"",964
965,dinsworthqs@dedecms.com,Davy,Insworth,"",965
966,ppetschelqt@mapy.cz,Portia,Petschel,"",966
967,ssegerqu@amazon.com,Shaylynn,Seger,"",967
968,mastieqv@amazon.co.uk,Malorie,Astie,"",968
969,cwheadonqw@linkedin.com,Chaddie,Wheadon,"",969
970,rgillebrideqx@xrea.com,Rozalie,Gillebride,"",970
971,wbockhqy@netscape.com,Winslow,Bockh,"",971
972,jcawthorneqz@loc.gov,Jehanna,Cawthorne,"",972
973,mmckerlier0@java.com,Markus,McKerlie,"",973
974,blippiellor1@nytimes.com,Beatrisa,Lippiello,"",974
975,afaustinr2@washington.edu,Angil,Faustin,"",975
976,lshearstoner3@whitehouse.gov,Locke,Shearstone,"",976
977,mcrickmerr4@examiner.com,Maribelle,Crickmer,"",977
978,hmanachr5@va.gov,Hana,Manach,"",978
979,omatyushonokr6@scientificamerican.com,Olivette,Matyushonok,"",979
980,jpoteburyr7@cnet.com,Jayne,Potebury,"",980
981,cchaundyr8@mtv.com,Corabella,Chaundy,"",981
982,kdedomenicir9@psu.edu,Katherina,De Domenici,"",982
983,ksollowayra@usa.gov,Kerstin,Solloway,"",983
984,yharkinrb@freewebs.com,Yule,Harkin,"",984
985,aroscriggrc@ca.gov,Alfy,Roscrigg,"",985
986,iwilloxrd@amazon.com,Isadora,Willox,"",986
987,emackombre@thetimes.co.uk,Edna,MacKomb,"",987
988,hpleadenrf@earthlink.net,Hunter,Pleaden,"",988
989,twynrahamerg@irs.gov,Tallou,Wynrahame,"",989
990,gpedrazzirh@facebook.com,Georgina,Pedrazzi,"",990
991,ebalhamri@auda.org.au,Emerson,Balham,"",991
992,fmcculleyrj@tripod.com,Ferd,McCulley,"",992
993,tcolebrookrk@google.fr,Terrence,Colebrook,"",993
994,tdarnbroughrl@google.co.jp,Tan,Darnbrough,"",994
995,bbilstonrm@craigslist.org,Brandon,Bilston,"",995
996,ewalworthrn@ameblo.jp,Evangelina,Walworth,"",996
997,jmasdonro@ning.com,Jeannette,Masdon,"",997
998,fwensleyrp@zimbio.com,Francyne,Wensley,"",998
999,fjeffcoatrq@sciencedaily.com,Flossi,Jeffcoat,"",999
1000,bmagnayrr@examiner.com,Barthel,Magnay,"",1000
